timestamp_utc,pid,process_name,working_set_mb,private_mb,timeframe
2026-08-14T11:07:17.7372377Z,3268,uv,21.99,42.56,1d
2026-08-14T11:07:17.7372377Z,8828,python,3.14,0.85,1d
2026-08-14T11:07:17.7372377Z,12784,python,27.58,16.77,1d
2026-08-14T11:07:24.4582522Z,3268,uv,21.99,42.56,1d
2026-08-14T11:07:24.4582522Z,8828,python,3.14,0.85,1d
2026-08-14T11:07:24.4582522Z,12784,python,62.29,155.89,1d
2026-08-14T11:07:29.7036431Z,3268,uv,21.99,42.52,1d
2026-08-14T11:07:29.7036431Z,8828,python,3.14,0.85,1d
2026-08-14T11:07:29.7036431Z,12784,python,201.78,336.67,1d
2026-08-14T11:07:35.0129659Z,3268,uv,21.99,42.52,1d
2026-08-14T11:07:35.0129659Z,8828,python,3.14,0.85,1d
2026-08-14T11:07:35.0129659Z,12784,python,412.95,566.11,1d
2026-08-14T11:07:40.3085425Z,3268,uv,21.99,42.52,1d
2026-08-14T11:07:40.3085425Z,8828,python,3.14,0.85,1d
2026-08-14T11:07:40.3085425Z,12784,python,602.39,767.58,1d
2026-08-14T11:07:45.6397665Z,3268,uv,21.78,42.52,1d
2026-08-14T11:07:45.6397665Z,8828,python,2.93,0.85,1d
2026-08-14T11:07:45.6397665Z,12784,python,781.52,1249.92,1d
2026-08-14T11:07:51.1141582Z,3268,uv,9.69,42.47,1d
2026-08-14T11:07:51.1141582Z,8828,python,1.96,0.8,1d
2026-08-14T11:07:51.1141582Z,12784,python,489.59,1235.99,1d
2026-08-14T11:07:56.7853689Z,3268,uv,9.69,42.47,1d
2026-08-14T11:07:56.7853689Z,8828,python,1.96,0.8,1d
2026-08-14T11:07:56.7853689Z,12784,python,1142.52,2526.55,1d
2026-08-14T11:08:02.9149375Z,3268,uv,9.69,42.47,1d
2026-08-14T11:08:02.9149375Z,8828,python,1.96,0.8,1d
2026-08-14T11:08:02.9149375Z,12784,python,1472.34,3071,1d
2026-08-14T11:08:09.3206218Z,3268,uv,4.93,42.47,1d
2026-08-14T11:08:09.3206218Z,8828,python,1.05,0.8,1d
2026-08-14T11:08:09.3206218Z,12784,python,1146.21,2072.79,1d
2026-08-14T11:08:15.4564553Z,3268,uv,2.45,42.47,1d
2026-08-14T11:08:15.4564553Z,8828,python,0.56,0.8,1d
2026-08-14T11:08:15.4564553Z,12784,python,1094.73,2186.21,1d
2026-08-14T11:08:20.8384058Z,3268,uv,2.45,42.47,1d
2026-08-14T11:08:20.8384058Z,8828,python,0.56,0.8,1d
2026-08-14T11:08:20.8384058Z,12784,python,1125.68,2149.92,1d
2026-08-14T11:08:26.1275546Z,3268,uv,2.45,42.47,1d
2026-08-14T11:08:26.1275546Z,8828,python,0.56,0.8,1d
2026-08-14T11:08:26.1275546Z,12784,python,1149.73,2154.87,1d
2026-08-14T11:08:31.4991701Z,3268,uv,2.45,42.47,1d
2026-08-14T11:08:31.4991701Z,8828,python,0.56,0.8,1d
2026-08-14T11:08:31.4991701Z,12784,python,1167.7,2158.16,1d
2026-08-14T11:08:36.9316431Z,3268,uv,2.45,42.47,1d
2026-08-14T11:08:36.9316431Z,8828,python,0.56,0.8,1d
2026-08-14T11:08:36.9316431Z,12784,python,1189.03,2162.16,1d
2026-08-14T11:08:42.3774541Z,3268,uv,2.45,42.47,1d
2026-08-14T11:08:42.3774541Z,8828,python,0.56,0.8,1d
2026-08-14T11:08:42.3774541Z,12784,python,1205.72,2166.17,1d
2026-08-14T11:08:47.8220941Z,3268,uv,2.45,42.47,1d
2026-08-14T11:08:47.8220941Z,8828,python,0.56,0.8,1d
2026-08-14T11:08:47.8220941Z,12784,python,1219.01,2170.18,1d
2026-08-14T11:08:53.2350895Z,3268,uv,2.45,42.47,1d
2026-08-14T11:08:53.2350895Z,8828,python,0.56,0.8,1d
2026-08-14T11:08:53.2350895Z,12784,python,1227.7,2172.18,1d
2026-08-14T11:08:58.7331823Z,3268,uv,2.45,42.47,1d
2026-08-14T11:08:58.7331823Z,8828,python,0.56,0.8,1d
2026-08-14T11:08:58.7331823Z,12784,python,1237.72,2175.19,1d
2026-08-14T11:09:04.2060954Z,3268,uv,2.45,42.47,1d
2026-08-14T11:09:04.2060954Z,8828,python,0.56,0.8,1d
2026-08-14T11:09:04.2060954Z,12784,python,1248.92,2179.2,1d
2026-08-14T11:09:09.6792728Z,3268,uv,2.45,42.47,1d
2026-08-14T11:09:09.6792728Z,8828,python,0.56,0.8,1d
2026-08-14T11:09:09.6792728Z,12784,python,1258.79,2182.63,1d
2026-08-14T11:09:15.2153743Z,3268,uv,2.45,42.47,1d
2026-08-14T11:09:15.2153743Z,8828,python,0.56,0.8,1d
2026-08-14T11:09:15.2153743Z,12784,python,1248.28,2186.12,1d
2026-08-14T11:09:20.7590210Z,3268,uv,2.45,42.47,1d
2026-08-14T11:09:20.7590210Z,8828,python,0.56,0.8,1d
2026-08-14T11:09:20.7590210Z,12784,python,1257.24,2189.12,1d
2026-08-14T11:09:26.3205588Z,3268,uv,2.45,42.47,1d
2026-08-14T11:09:26.3205588Z,8828,python,0.56,0.8,1d
2026-08-14T11:09:26.3205588Z,12784,python,1230.62,2192.1,1d
2026-08-14T11:09:31.8832383Z,3268,uv,2.45,42.47,1d
2026-08-14T11:09:31.8832383Z,8828,python,0.56,0.8,1d
2026-08-14T11:09:31.8832383Z,12784,python,1199.49,2194.04,1d
2026-08-14T11:09:37.3947643Z,3268,uv,2.45,42.47,1d
2026-08-14T11:09:37.3947643Z,8828,python,0.56,0.8,1d
2026-08-14T11:09:37.3947643Z,12784,python,1000.14,1802.55,1d
2026-08-14T11:09:46.1283757Z,12392,uv,21.28,42.57,4h
2026-08-14T11:09:51.9101954Z,12392,uv,22.03,42.61,4h
2026-08-14T11:09:51.9101954Z,12780,python,3.16,0.88,4h
2026-08-14T11:09:51.9101954Z,10860,python,30.36,23.47,4h
2026-08-14T11:09:57.2131969Z,12392,uv,22.03,42.57,4h
2026-08-14T11:09:57.2131969Z,12780,python,3.16,0.88,4h
2026-08-14T11:09:57.2131969Z,10860,python,40.64,33.38,4h
2026-08-14T11:10:02.5780300Z,12392,uv,22.03,42.57,4h
2026-08-14T11:10:02.5780300Z,12780,python,3.16,0.88,4h
2026-08-14T11:10:02.5780300Z,10860,python,51.68,139.08,4h
2026-08-14T11:10:07.9054787Z,12392,uv,22.03,42.57,4h
2026-08-14T11:10:07.9054787Z,12780,python,3.16,0.88,4h
2026-08-14T11:10:07.9054787Z,10860,python,62.4,155.49,4h
2026-08-14T11:10:13.2093241Z,12392,uv,22.03,42.57,4h
2026-08-14T11:10:13.2093241Z,12780,python,3.16,0.88,4h
2026-08-14T11:10:13.2093241Z,10860,python,62.41,155.49,4h
2026-08-14T11:10:18.4984186Z,12392,uv,22.01,42.52,4h
2026-08-14T11:10:18.4984186Z,12780,python,3.12,0.8,4h
2026-08-14T11:10:18.4984186Z,10860,python,62.39,155.38,4h
2026-08-14T11:10:23.8656497Z,12392,uv,22.01,42.52,4h
2026-08-14T11:10:23.8656497Z,12780,python,3.12,0.8,4h
2026-08-14T11:10:23.8656497Z,10860,python,62.45,155.38,4h
2026-08-14T11:10:29.3637420Z,12392,uv,22.01,42.52,4h
2026-08-14T11:10:29.3637420Z,12780,python,3.12,0.8,4h
2026-08-14T11:10:29.3637420Z,10860,python,449.22,599.6,4h
2026-08-14T11:10:34.6068344Z,12392,uv,18.93,42.52,4h
2026-08-14T11:10:34.6068344Z,12780,python,2.58,0.8,4h
2026-08-14T11:10:34.6068344Z,10860,python,1144.03,1360.12,4h
2026-08-14T11:10:40.3099773Z,12392,uv,9.52,42.52,4h
2026-08-14T11:10:40.3099773Z,12780,python,2.58,0.8,4h
2026-08-14T11:10:40.3099773Z,10860,python,1284.95,1848.9,4h
2026-08-14T11:10:45.7332194Z,12392,uv,9.52,42.52,4h
2026-08-14T11:10:45.7332194Z,12780,python,2.58,0.8,4h
2026-08-14T11:10:45.7332194Z,10860,python,1338.88,2361.9,4h
2026-08-14T11:10:51.0920921Z,12392,uv,9.52,42.52,4h
2026-08-14T11:10:51.0920921Z,12780,python,1.3,0.8,4h
2026-08-14T11:10:51.0920921Z,10860,python,1468.76,2955.42,4h
2026-08-14T11:10:56.5186411Z,12392,uv,9.49,42.52,4h
2026-08-14T11:10:56.5186411Z,12780,python,1.29,0.8,4h
2026-08-14T11:10:56.5186411Z,10860,python,1594.25,3464.47,4h
